{"network":{"id":1,"name":"UMA Clovr PoS","status":3,"path":"/Users/nacho/.polar/networks/1","nodes":{"bitcoin":[{"id":0,"networkId":1,"name":"backend1","type":"bitcoin","implementation":"bitcoind","version":"27.0","peers":[],"status":3,"ports":{"rpc":18443,"p2p":19444,"zmqBlock":28334,"zmqTx":29335},"docker":{"image":"","command":""}}],"lightning":[{"id":0,"networkId":1,"name":"alice","type":"lightning","implementation":"LND","version":"0.17.5-beta","status":3,"backendName":"backend1","paths":{"tlsCert":"/Users/nacho/.polar/networks/1/volumes/lnd/alice/tls.cert","adminMacaroon":"/Users/nacho/.polar/networks/1/volumes/lnd/alice/data/chain/bitcoin/regtest/admin.macaroon","invoiceMacaroon":"/Users/nacho/.polar/networks/1/volumes/lnd/alice/data/chain/bitcoin/regtest/invoice.macaroon","readonlyMacaroon":"/Users/nacho/.polar/networks/1/volumes/lnd/alice/data/chain/bitcoin/regtest/readonly.macaroon"},"ports":{"rest":8081,"grpc":10001,"p2p":9735},"docker":{"image":"","command":""}},{"id":1,"networkId":1,"name":"bob","type":"lightning","implementation":"LND","version":"0.17.5-beta","status":3,"backendName":"backend1","paths":{"tlsCert":"/Users/nacho/.polar/networks/1/volumes/lnd/bob/tls.cert","adminMacaroon":"/Users/nacho/.polar/networks/1/volumes/lnd/bob/data/chain/bitcoin/regtest/admin.macaroon","invoiceMacaroon":"/Users/nacho/.polar/networks/1/volumes/lnd/bob/data/chain/bitcoin/regtest/invoice.macaroon","readonlyMacaroon":"/Users/nacho/.polar/networks/1/volumes/lnd/bob/data/chain/bitcoin/regtest/readonly.macaroon"},"ports":{"rest":8082,"grpc":10002,"p2p":9736},"docker":{"image":"","command":""}}],"tap":[]},"autoMineMode":0},"chart":{"offset":{"x":0,"y":0},"nodes":{"backend1":{"id":"backend1","type":"bitcoin","position":{"x":540,"y":460},"ports":{"backend":{"id":"backend","type":"top","position":{"x":100,"y":0}},"peer-left":{"id":"peer-left","type":"left","position":{"x":0,"y":22}},"peer-right":{"id":"peer-right","type":"right","position":{"x":200,"y":22}}},"size":{"width":200,"height":43},"properties":{"status":3,"icon":"./static/media/bitcoin.c9f33461.svg"}},"alice":{"id":"alice","type":"lightning","position":{"x":220,"y":160},"ports":{"empty-left":{"id":"empty-left","type":"left","position":{"x":0,"y":30}},"empty-right":{"id":"empty-right","type":"right","position":{"x":200,"y":18}},"backend":{"id":"backend","type":"bottom","position":{"x":100,"y":59}},"lndbackend":{"id":"lndbackend","type":"top","position":{"x":100,"y":0}},"ff093e992781":{"id":"ff093e992781","type":"right","properties":{"nodeId":"alice"},"position":{"x":200,"y":42}}},"size":{"width":200,"height":59},"properties":{"status":3,"icon":"./static/media/lnd.095d2fef.png"}},"bob":{"id":"bob","type":"lightning","position":{"x":900,"y":160},"ports":{"empty-left":{"id":"empty-left","type":"left","position":{"x":0,"y":18}},"empty-right":{"id":"empty-right","type":"right","position":{"x":200,"y":30}},"backend":{"id":"backend","type":"bottom","position":{"x":100,"y":59}},"lndbackend":{"id":"lndbackend","type":"top","position":{"x":100,"y":0}},"ff093e992781":{"id":"ff093e992781","type":"left","properties":{"nodeId":"bob","initiator":true},"position":{"x":0,"y":42}}},"size":{"width":200,"height":59},"properties":{"status":3,"icon":"./static/media/lnd.095d2fef.png"}}},"links":{"alice-backend1":{"id":"alice-backend1","from":{"nodeId":"alice","portId":"backend"},"to":{"nodeId":"backend1","portId":"backend"},"properties":{"type":"backend"}},"bob-backend1":{"id":"bob-backend1","from":{"nodeId":"bob","portId":"backend"},"to":{"nodeId":"backend1","portId":"backend"},"properties":{"type":"backend"}},"ff093e992781":{"id":"ff093e992781","from":{"nodeId":"bob","portId":"ff093e992781"},"to":{"nodeId":"alice","portId":"ff093e992781"},"properties":{"type":"open-channel","channelPoint":"f3ac4be784b245880e358a05915a05db3211c2bf8a5a46f62be3ff093e992781:1","capacity":"1000000","fromBalance":"471794","toBalance":"524736","direction":"rtl","status":"Open","isPrivate":false}}},"selected":{"type":"node","id":"alice"},"hovered":{},"scale":0.998}}